Company,Email,Password,BankAccount,Type
Quam Quis Diam PC,Cras.vulputate.velit@Etiamlaoreet.com,LfcQ365*,900685103,profitable
Praesent PC,parturient.montes.nascetur@aliquamarcu.org,StsX832+,900162716,non-profitable
Libero LLC,Donec.fringilla.Donec@ultricies.org,YwkR570+,900581781,non-profitable
Ornare Elit Elit PC,placerat.orci.lacus@nullaante.org,PznX573+,900897019,profitable
Semper Cursus Corp.,Aliquam@magnamalesuadavel.org,TvnG218*,900183851,profitable
Lacinia Institute,Sed@ami.com,VkvK245+,900820484,non-profitable
Dolor Elit Company,vulputate.lacus@facilisisfacilisis.com,GgvV747+,900451828,non-profitable
Tincidunt Limited,tincidunt.dui.augue@tinciduntDonecvitae.com,UysW765*,900637773,profitable
Turpis In Condimentum Limited,turpis@nisi.net,EcfN859*,900621943,profitable
Rutrum Foundation,nunc@mollisvitae.org,GgxI443+,900738024,non-profitable
At Inc.,a.malesuada@NullafacilisiSed.ca,WaoG797+,900905930,profitable
Vivamus Nibh PC,ornare.tortor@pede.net,AzbP615*,900599082,non-profitable
Eu Accumsan Ltd,sit@duinec.org,QqxW280*,900375679,profitable
Amet Lorem Inc.,semper.pretium.neque@dolorvitae.ca,LtpJ297*,900198145,profitable
Ac Libero Nec Corp.,ut@Sednulla.ca,VylH485+,900599364,non-profitable
Nunc Sollicitudin Commodo PC,eu.arcu.Morbi@tellussem.com,McmU457*,900219055,profitable
Eu Neque Pellentesque Incorporated,nulla@luctus.edu,TbeJ418*,900169069,non-profitable
Risus Odio Auctor Limited,euismod.enim@ligulaDonec.ca,TvhY493*,900940790,profitable
Pharetra Nam Limited,eget@Curabitursed.edu,ZdbD911*,900193695,profitable
Suspendisse Commodo Tincidunt Limited,turpis.Aliquam@laoreetposuereenim.edu,VzaK950+,900487937,non-profitable
Tortor Nunc Corporation,id.ante@Nullam.ca,IjcZ272+,900596804,profitable
Est LLC,penatibus@aclibero.edu,McmH972*,900291160,profitable
Donec Corporation,et.libero.Proin@convallis.edu,ZdtR831+,900428551,non-profitable
Amet Lorem Semper Foundation,dolor.Fusce@egestasblanditNam.net,EaeX543*,900654845,profitable
Tellus Aenean Egestas LLC,auctor@eratvelpede.com,HraE997+,900135574,profitable
Ut Mi Duis Consulting,nisi.a.odio@at.co.uk,RrqJ370*,900729363,non-profitable
Velit Incorporated,vitae.dolor@Praesentinterdumligula.edu,IufH219*,900849158,non-profitable
Accumsan Company,Aenean.sed.pede@orciconsectetuer.com,LwgS981+,900650809,non-profitable
Lacus Nulla Tincidunt Incorporated,non.quam@Aliquamrutrumlorem.co.uk,KstD520+,900138302,profitable
Aliquam Eu Industries,a.nunc.In@vehiculaPellentesquetincidunt.net,AjpQ821*,900989660,profitable
Ornare LLC,Morbi@necurna.edu,IsmA710*,900280224,profitable
Duis Volutpat PC,ligula@vulputatemauris.edu,RhvS241*,900114894,profitable
Risus Ltd,nunc@necanteblandit.net,KrrV751+,900680573,profitable
Libero Est Congue Foundation,ac@velit.co.uk,FlhF381*,900207689,non-profitable
Est Tempor Bibendum Consulting,consequat@etmalesuada.co.uk,CctD218+,900707079,profitable
Diam Company,mauris.eu@Nullamsuscipitest.co.uk,UxlB865*,900388437,non-profitable
Magna Duis Ltd,Mauris.vel.turpis@mattissemper.com,IsgS318+,900459686,non-profitable
Dolor Donec Consulting,blandit.congue@magnis.org,OfxD897+,900293658,profitable
Morbi Incorporated,Nullam@antebibendum.edu,MzcV452+,900323126,profitable
Lobortis Associates,enim.non.nisi@commodohendrerit.edu,IuwQ621*,900677939,profitable
Congue Ltd,sem.Pellentesque@tristique.com,NokX550*,900228560,profitable
Inceptos Associates,pede.Nunc.sed@gravidanuncsed.com,AfsR384*,900874123,non-profitable
Lectus Rutrum Urna Company,neque@Nullam.net,WhaZ714+,900125469,profitable
Erat Ltd,cubilia@nec.net,QljQ120*,900869453,profitable
Nisl Sem LLP,lobortis@tempusscelerisquelorem.ca,KsiO234*,900183868,profitable
Odio Sagittis Corporation,fermentum.fermentum.arcu@et.edu,PxfP330*,900816861,non-profitable
Arcu Nunc Institute,tristique.senectus@Duis.co.uk,TpeM596*,900532532,profitable
Tortor At Risus Limited,egestas.urna@vestibulumnec.com,AonW309*,900232984,profitable
Aliquam Company,elit.pharetra@diamPellentesquehabitant.edu,BwtS272+,900242182,non-profitable
Lectus Limited,lacus@tellusPhaselluselit.net,HuaK257+,900427074,profitable
Neque Sed Company,pede@elit.net,PerL799*,900889611,profitable
Mi Lacinia Mattis Ltd,a.tortor@dolordapibusgravida.edu,LtnQ480*,900975022,profitable
Nulla LLC,Suspendisse@antebibendum.ca,ElrP313*,900900166,profitable
Magna Industries,magna.Nam@posuerevulputatelacus.co.uk,WwgF627+,900864767,non-profitable
Facilisis Industries,in@idmagnaet.co.uk,WtxG289+,900156845,non-profitable
Cras Corp.,Vestibulum@Vivamuseuismod.com,IojX466+,900764218,profitable
Maecenas Mi Corp.,id@auctor.ca,OhbD199+,900614597,non-profitable
Etiam Bibendum Industries,magna.et.ipsum@a.edu,SxnO700*,900943148,profitable
Viverra Consulting,mi.pede@etmagnis.ca,FtrL207*,900392706,non-profitable
Leo Elementum Incorporated,ac@lacusNulla.edu,CgpO567+,900178570,non-profitable
Quam Ltd,In.at@tinciduntvehicula.edu,RrqQ427*,900681187,profitable
Consequat Auctor Incorporated,Suspendisse.sed@nunc.edu,KbbO867+,900641915,profitable
Sem Institute,molestie@nasceturridiculusmus.net,XypR258+,900842149,non-profitable
Purus Maecenas Libero Foundation,Etiam.gravida@enim.co.uk,KmvD735*,900876802,non-profitable
Sit Amet Ante Industries,pede@miAliquam.net,OijL644*,900725298,profitable
Quam Ltd,Cras.lorem@aliquam.ca,VfcA993*,900910860,non-profitable
Non Hendrerit Corp.,odio@tortornibhsit.co.uk,XufV874+,900785646,profitable
Dui Limited,elit.elit@sitametornare.edu,KodH823*,900462703,non-profitable
Ligula Aenean LLP,elit.Etiam.laoreet@rutrumjusto.org,TczE923*,900424658,profitable
Vivamus Rhoncus Donec Limited,euismod@Innec.edu,EouS280+,900732670,profitable
Quam Quis Company,volutpat@dignissimmagnaa.co.uk,RatW742*,900109026,profitable
Sem Company,quis.diam@mauriseu.ca,LlzG773+,900107193,non-profitable
Blandit Foundation,Proin@metusvitae.edu,YvyZ831+,900915401,profitable
Fermentum Fermentum Arcu Ltd,Donec.sollicitudin@Vivamus.net,ObfX229*,900235385,non-profitable
Est Mauris Company,nunc.ac.mattis@facilisisloremtristique.org,KmjS716*,900210917,non-profitable
Arcu Incorporated,et@ut.edu,BnmT172+,900165087,non-profitable
Magna Institute,fermentum@justoProinnon.com,EpqQ838*,900199918,non-profitable
Quis LLP,libero.est@Proin.com,UduT413*,900965306,profitable
Non Foundation,placerat.velit@maurissitamet.co.uk,IugR879+,900206725,profitable
Vel Faucibus Corp.,nec@luctusipsumleo.com,LsoD191+,900116020,profitable
Nam Interdum Enim Institute,nulla.ante.iaculis@Curabiturconsequat.net,UthK298*,900453762,profitable
A Foundation,mi.enim@ametmassaQuisque.ca,FfsZ385+,900815912,non-profitable
A Mi Corporation,non@pharetraNam.edu,LpmZ396+,900690981,non-profitable
Malesuada LLP,accumsan.interdum.libero@atpedeCras.org,IwmR991+,900272359,non-profitable
Augue Ut Ltd,arcu@non.ca,TfdD797+,900897263,non-profitable
Tristique Senectus LLC,tincidunt.Donec@inaliquetlobortis.org,DdsN743*,900317893,profitable
Vel Mauris Corporation,vel.faucibus.id@pharetranibh.com,XqkO176+,900744842,non-profitable
Tristique Pharetra Quisque Limited,ornare.lectus.justo@vitaealiquam.edu,YbhB884+,900713370,non-profitable
Integer Industries,fringilla.Donec@luctuslobortisClass.org,QunH312*,900168911,non-profitable
Tellus Nunc Corp.,habitant.morbi.tristique@elementum.ca,AxxD857*,900353948,profitable
Eu LLC,mus.Proin.vel@et.org,FzeU788+,900781501,profitable
Quisque Libero Industries,lectus.rutrum.urna@interdumNuncsollicitudin.net,BenV930+,900419173,profitable
Magna Praesent Foundation,a.feugiat.tellus@tincidunt.net,NojF679*,900376500,non-profitable
Vitae Nibh Donec LLP,ipsum@odio.org,OlnZ547*,900199929,non-profitable
Metus In Lorem PC,arcu.Sed@cursus.ca,OgnD824+,900234963,profitable
Tincidunt Pede Corp.,et.pede@sagittis.org,ZzaG616+,900362075,profitable
Commodo At Institute,Praesent.interdum.ligula@Crasinterdum.net,WiiD354+,900872226,non-profitable
Quis Urna Corporation,iaculis.aliquet@facilisis.co.uk,WlkZ592+,900118835,profitable
Dolor Dapibus Ltd,enim.Mauris@luctusCurabituregestas.ca,TlyF520*,900591219,profitable
Ante Dictum Incorporated,Cras.vulputate@lobortisquam.org,TbnY686+,900118922,profitable
