FullName,Email ,Password,BankAccount
Albert Andrews,aandrews@gmail.com,RjdO487+,900436647
Kellan Morrison,kmorrison@yahoo.com,PktK351*,900144259
Aldus Perkins,aperkins@yahoo.com,MizS137*,900234560
Byron Hunt,bhunt@gmail.com,DbnG922*,900599510
Elian Davis,edavis@yahoo.com,ZpcZ601*,900927265
Jacob Reed,jreed@hotmail.com,AoyT381*,900126476
Camila Martin,cmartin@outlook.com,NutY160*,900348029
Sawyer Craig,scraig@hotmail.com,LexI658*,900307484
Ashton Elliott,aelliott@outlook.com,IniE724*,900370753
Joyce Parker,jparker@hotmail.com,AwmN620*,900265101
Alexia Roberts,aroberts@outlook.com,BmqF836*,900822472
Lilianna Murphy,lmurphy@hotmail.com,UzuE985*,900396883
Chelsea Williams,cwilliams@outlook.com,NsgF790*,900222442
Alberta Smith,asmith@hotmail.com,HssZ103+,900419142
Fenton Baker,fbaker@hotmail.com,WyhF791*,900391529
Chester Cooper,ccooper@hotmail.com,PzwU772+,900477409
Paige Brooks,pbrooks@yahoo.com,XdtU983*,900484455
Max Reed,mreed@yahoo.com,MfvO378*,900557496
Joyce Cole,jcole@hotmail.com,TeiF451+,900212382
Roland Carroll,rcarroll@hotmail.com,VgjW678+,900259370
Andrew Davis,adavis@outlook.com,LcmV580*,900349355
Miranda Scott,mscott@yahoo.com,CnpP296+,900178724
Freddie Phillips,fphillips@hotmail.com,CfdP683+,900935256
Richard Jones,rjones@gmail.com,PkaI235*,900164684
Derek Williams,dwilliams@outlook.com,UrtR269+,900792200
Oscar Foster,ofoster@gmail.com,UgeC651*,900743741
Miller Riley,mriley@outlook.com,QszJ975+,900415535
Justin Johnston,jjohnston@yahoo.com,XkvT139+,900908252
Michael Cunningham,mcunningham@outlook.com,DutZ528+,900486504
Arnold Robinson,arobinson@outlook.com,GqvH241+,900811520
Briony West,bwest@hotmail.com,GevS865*,900109205
Belinda Roberts,broberts@outlook.com,YgmD976+,900299446
Nicholas Ross,nross@outlook.com,XzfL530+,900346524
Maya Tucker,mtucker@gmail.com,WfuG164*,900126390
Kelsey Anderson,kanderson@gmail.com,ZljE733+,900409521
Nicholas Moore,nmoore@outlook.com,DzjQ420+,900576762
Belinda Morrison,bmorrison@yahoo.com,NlpP903+,900467646
Cadie Turner,cturner@gmail.com,UmeZ661+,900734474
Melissa Baker,mbaker@gmail.com,LswY157+,900445101
Bruce Perry,bperry@outlook.com,QweN746+,900719787
Adam Phillips,aphillips@gmail.com,SbfK205*,900188963
Amanda Crawford,acrawford@outlook.com,XbgE294*,900856061
Haris Richards,hrichards@yahoo.com,LwvP496+,900385755
Jessica Andrews,jandrews@gmail.com,RlkI411+,900386807
Michelle Jones,mjones@outlook.com,IxrD193*,900432582
Julia Brown,jbrown@hotmail.com,CrlL920*,900609177
Lucy Henderson,lhenderson@gmail.com,MucK511*,900326709
Tony Edwards,tedwards@gmail.com,PowJ492*,900268185
Kate West,kwest@outlook.com,XcnF459+,900480743
Tess Alexander,talexander@yahoo.com,AmfE112+,900875232
Thomas Gibson,tgibson@hotmail.com,SjlH377*,900699785
Honey Hall,hhall@outlook.com,IwxB686+,900330019
Edith Hall,ehall@gmail.com,GohT910+,900577538
Fiona Martin,fmartin@outlook.com,DtcS192+,900400969
Spike Jones,sjones@yahoo.com,HjtD278+,900896220
Derek Armstrong,darmstrong@outlook.com,NheI252*,900106358
Adrianna Miller,amiller@outlook.com,LqvV802+,900783665
Anna Edwards,aedwards@hotmail.com,WueJ188+,900623690
Daniel Rogers,drogers@outlook.com,UphK788*,900853646
Dominik Hamilton,dhamilton@outlook.com,ZnjX647+,900940817
Lana Johnston,ljohnston@gmail.com,ZhiH339*,900202299
Alissa Brooks,abrooks@hotmail.com,OdiJ229+,900708322
Jordan Barnes,jbarnes@yahoo.com,KheQ862*,900380576
Harold Cunningham,hcunningham@yahoo.com,YyxI513*,900707257
Albert Henderson,ahenderson@outlook.com,XtcA402+,900933363
Miller Bennett,mbennett@outlook.com,UqsS804+,900309528
Oliver Owens,oowens@gmail.com,MhaL594+,900633465
Ryan Cole,rcole@hotmail.com,VhxU680*,900161924
Lucy Morris,lmorris@gmail.com,FzpO359+,900729047
Caroline Perry,cperry@yahoo.com,NosO229*,900339102
Tony Stevens,tstevens@gmail.com,NvyK805+,900399927
Jasmine Mason,jmason@hotmail.com,BwaU255+,900104874
Reid Carter,rcarter@outlook.com,FfmN482*,900714062
Henry Taylor,htaylor@outlook.com,HdpF502*,900907641
Rebecca Thomas,rthomas@hotmail.com,VjtF726+,900534620
Nicholas Casey,ncasey@gmail.com,UgwM145*,900944257
Kristian Bailey,kbailey@outlook.com,UtjR294+,900134510
Ada Thompson,athompson@outlook.com,ZlqQ346*,900380028
Julia Walker,jwalker@gmail.com,ZtwT296+,900480757
Sydney Cameron,scameron@hotmail.com,LvnI653+,900851806
Oliver Bailey,obailey@outlook.com,VzkL684*,900962956
Camila Murphy,cmurphy@outlook.com,HryN507+,900292232
Abigail Myers,amyers@yahoo.com,UwwH322*,900384241
Aiden Richards,arichards@hotmail.com,BocL409+,900178861
Edgar Casey,ecasey@outlook.com,OniU163*,900430313
Brianna Cole,bcole@outlook.com,AghV705*,900547657
Eric Craig,ecraig@yahoo.com,QxfY996*,900613408
Maria Bailey,mbailey@outlook.com,QkqE913*,900326620
Steven Barrett,sbarrett@hotmail.com,LztL638+,900480870
Adele Miller,amiller@gmail.com,OsrV700+,900434499
Derek Cunningham,dcunningham@hotmail.com,NupE105*,900957304
Alexander Edwards,aedwards@outlook.com,FtpO501+,900523573
Eddy Parker,eparker@outlook.com,FwyW513*,900213180
Vincent Harper,vharper@yahoo.com,QenA435+,900358364
Violet Morrison,vmorrison@gmail.com,KfvA460+,900736623
Alisa Perry,aperry@outlook.com,BlsA215+,900236025
Samantha Richardson,srichardson@gmail.com,TplR153+,900445781
Adam Harrison,aharrison@yahoo.com,GqgR595*,900686170
Miranda Bennett,mbennett@hotmail.com,UsyY682*,900828316
Valeria Murray,vmurray@gmail.com,StiN551*,900841118
